"gene_id","baseMean","log2FoldChange","lfcSE","stat","pvalue","padj","A","B","C","D","E","F","G","H","L","M","N","accessionnumber/geneID","definition","Ref"
"Pocillopora_acuta_HIv2___TS.g23498.t1",3028.68219933565,-3.39045271669237,0.927892214177349,-3.65392948112867,0.000258257226332591,0.0177947888346373,495,532,14940,7328,1417,3493,3270,750,608,2884,125,"Gene:g38128","Annotated: α-Collagen","Mummadisetti et al., 2021"
"Pocillopora_acuta_HIv2___TS.g23498.t1",3028.68219933565,-3.39045271669237,0.927892214177349,-3.65392948112867,0.000258257226332591,0.0177947888346373,495,532,14940,7328,1417,3493,3270,750,608,2884,125,"JT016638.1","Coadhesin","Ramos-Silva et al., 2013"
"Pocillopora_acuta_HIv2___TS.g23498.t1",3028.68219933565,-3.39045271669237,0.927892214177349,-3.65392948112867,0.000258257226332591,0.0177947888346373,495,532,14940,7328,1417,3493,3270,750,608,2884,125,"P18_g810","Stylophora pistillata clone g810 alpha collagen-like protein gene","Drake et al., 2013"
"Pocillopora_acuta_HIv2___RNAseq.g7668.t1",1648.24356818338,1.54249541540308,0.337297936798319,4.57309472463624,4.80572741810615e-06,0.00124752889778706,2367,1320,1251,1530,1123,1878,952,861,4701,1150,1077,"XP_022780303.1","LOW QUALITY PROTEIN: uncharacterized protein LOC111321626 [Stylophora pistillata]","Peled et al., 2020"
"Pocillopora_acuta_HIv2___RNAseq.g30830.t1",139.320163765885,-1.20467092511453,0.368687895261226,-3.26745450718144,0.00108519305793339,0.0410498712843811,110,200,249,109,197,111,202,211,101,149,18,"XP_022805470.1","uncharacterized protein LOC111342641 [Stylophora pistillata]","Peled et al., 2020"
