"","baseMean","log2FoldChange","lfcSE","stat","pvalue","padj","A","B","C","D","E","F","G","H","L","M","N"
"Pocillopora_acuta_HIv2___RNAseq.g3840.t1",1181.56979833633,-0.586245192517733,0.129418209949631,-4.52985088223594,5.90253311175752e-06,0.0335130168860909,1258,1778,1533,1010,1701,860,1386,945,1431,1093,539
"Pocillopora_acuta_HIv2___RNAseq.g23880.t1",149.973942970198,3.94991333437759,0.833224760228254,4.74051363199475,2.1317710811501e-06,0.0335130168860909,85,22,29,39,18,663,15,456,228,27,67
"Pocillopora_acuta_HIv2___TS.g21597.t2",1451.87049795121,0.879382553824046,0.194975566194141,4.51021925972214,6.476065461952e-06,0.0335130168860909,657,1269,1278,2571,1729,2784,1405,2430,746,1747,271
"Pocillopora_acuta_HIv2___RNAseq.g23882.t1",137.912362752894,5.67251447360504,1.25818957819324,4.50847358134277,6.52956977809856e-06,0.0335130168860909,81,13,0,11,14,573,0,623,178,25,32
