"","baseMean","log2FoldChange","lfcSE","stat","pvalue","padj","A","B","C","D","E","F","G","H","L","M","N"
"Pocillopora_acuta_HIv2___RNAseq.g3840.t1",1181.14039019923,-0.585886011134804,0.126447910519369,-4.63341789301501,3.59677451248683e-06,0.0179243198184846,1258,1778,1533,1010,1701,860,1386,945,1431,1093,539
"Pocillopora_acuta_HIv2___TS.g8875.t1",7.95918571942814,-6.24488634880957,1.23410833438143,-5.06024161318033,4.18725539642871e-07,0.00501905368092927,12,15,13,0,9,0,24,0,18,0,3
"Pocillopora_acuta_HIv2___RNAseq.g23880.t1",149.951644620428,3.95060966639533,0.842106745112874,4.691340722922,2.71420527214476e-06,0.0179243198184846,85,22,29,39,18,663,15,456,228,27,67
"Pocillopora_acuta_HIv2___TS.g27995.t2",15.5311963913972,-4.59043670165295,0.994379534685462,-4.61638292174323,3.90486150992841e-06,0.0179243198184846,20,17,20,4,48,0,21,0,23,0,16
"Pocillopora_acuta_HIv2___TS.g21597.t2",1452.2411456119,0.879920426258989,0.191808797829933,4.58748731139626,4.48612684732439e-06,0.0179243198184846,657,1269,1278,2571,1729,2784,1405,2430,746,1747,271
"Pocillopora_acuta_HIv2___TS.g27278.t1",17.6774005804412,-21.2254587507908,3.04822918066598,-6.96320961869194,3.32606343950254e-12,7.97357188351944e-08,72,0,0,0,84,0,0,0,59,0,0
"Pocillopora_acuta_HIv2___RNAseq.g23882.t1",137.973238508524,5.67286604875967,1.27741977863216,4.44087851437067,8.95923656886712e-06,0.0306828254664931,81,13,0,11,14,573,0,623,178,25,32
